Title,Company,Location,Link
Tableau Developer (Entry/Junior),Remedy Analytics,"Milwaukee, WI",https://stackoverflow.com/jobs/313120
Hiring Three.JS developer,Esoteky solutions,"Pune, India",https://stackoverflow.com/jobs/407290
Mid-Level Java Developer,AeroParker,"Stockport, UK",https://stackoverflow.com/jobs/388248
"Product focused Senior/Lead Developer, React/Node, London/WFH, £70-95,000",Feedr - Food/Health Tech Startup Confido Talent,"London, UK",https://stackoverflow.com/jobs/366138
DevOps Engineer (m/w/d),Mimacom,"Stuttgart, Germany",https://stackoverflow.com/jobs/372989
Sr.Consultant,infiniminds,"Hyderabad, India",https://stackoverflow.com/jobs/405165
AWSエンジニア,ビットバンク株式会社,"Shinagawa City, Japan",https://stackoverflow.com/jobs/328240
PHP Programmer,Crow’s Nest,"Kolkata, India",https://stackoverflow.com/jobs/326994
Lead Software Engineer,Dwelo,"Draper, UT",https://stackoverflow.com/jobs/393287
Senior PHP Developer,SimpliSafe,"Boston, MA",https://stackoverflow.com/jobs/350956
DBA Manager,Inspired Thinking Group (ITG) Ltd.,"London, UK",https://stackoverflow.com/jobs/400062
Front-end Developer (Core Product),Hostinger Work in Lithuania,"Kaunas, Lithuania",https://stackoverflow.com/jobs/381653
.NET Back-End Software Developer,Suzy,"New York, NY",https://stackoverflow.com/jobs/371841
SRE,ビットバンク株式会社,"Shinagawa City, Japan",https://stackoverflow.com/jobs/334234
Tableau Developer,Peterson Technology Partners,"Chicago, IL",https://stackoverflow.com/jobs/395745
SQL Developer - Oracle,Remedy Analytics,"Milwaukee, WI",https://stackoverflow.com/jobs/313295
PHP Developer,Baazi Games,,https://stackoverflow.com/jobs/389205
php developer,OSSRoot,,https://stackoverflow.com/jobs/389214
Technical Data Analyst,Ascension,,https://stackoverflow.com/jobs/397525
Technical Data Analyst,Ascension,,https://stackoverflow.com/jobs/397530
Clinical Data Management - Technical Analyst,Ascension,,https://stackoverflow.com/jobs/400056
Clinical Data Management - Technical Analyst,Ascension,,https://stackoverflow.com/jobs/400057
Senior PHP Programmer Urgent,Scriptgiant Technologies,,https://stackoverflow.com/jobs/389461
Junior PHP Developer,Minivet System,,https://stackoverflow.com/jobs/389455
JUNIOR BACKEND DEVELOPER,Knowledge Excel Services.,,https://stackoverflow.com/jobs/389270
